0.9,0.901,0.902,0.903,0.904,0.905,0.906,0.907,0.908,0.909,0.91,0.911,0.912,0.913,0.914,0.915,0.916,0.917,0.918,0.919,0.92,0.921,0.922,0.923,0.924,0.925,0.926,0.927,0.928,0.929,0.93,0.931,0.932,0.933,0.934,0.935,0.936,0.937,0.938,0.939,0.94,0.941,0.942,0.943,0.944,0.945,0.946,0.947,0.948,0.949,0.95,0.951,0.952,0.953,0.954,0.955,0.956,0.957,0.958,0.959,0.96,0.961,0.962,0.963,0.964,0.965,0.966,0.967,0.968,0.969,0.97,0.971,0.972,0.973,0.974
-500,-500,-500,-500,-500,-500,-500,-500,-500,-500,-500,-500.0,-500.0,-500.0,-500.0,-500.0,-500.0,-500.0,-500.0,-500.0,-500.0,-500.0,-500.0,-500.0,-500.0,-500.0,-500.0,-500.0,-500.0,-500.0,-500.0,-500.0,-500.0,-500.0,-500.0,-500.0,-500.0,-500.0,-500.0,-500.0,-500.0,-500.0,-500.0,-500.0,-500.0,-500.0,-500.0,-500.0,-500.0,-500.0,-500.0,-500.0,-500.0,-500.0,-500.0,-500.0,-500.0,-500.0,-500.0,-500.0,-500.0,-500.0,-500.0,-500.0,-500.0,-500.0,-500.0,-500.0,-500.0,-500.0,-500.0,-500.0,-500.0,-500.0,-500.0
-500,-500,-500,-500,-500,-500,-500,-500,-500,-500,-500,-500.0,-500.0,-500.0,-500.0,-500.0,-500.0,-500.0,-500.0,-500.0,-500.0,-500.0,-500.0,-500.0,-500.0,-500.0,-500.0,-500.0,-500.0,-500.0,-500.0,-500.0,-500.0,-500.0,-500.0,-500.0,-500.0,-500.0,-500.0,-500.0,-500.0,-500.0,-500.0,-500.0,-500.0,-500.0,-500.0,-500.0,-500.0,-500.0,-500.0,-500.0,-500.0,-500.0,-500.0,-500.0,-500.0,-500.0,-500.0,-500.0,-500.0,-500.0,-500.0,-500.0,-500.0,-500.0,-500.0,-500.0,-500.0,-500.0,-500.0,-500.0,-500.0,-500.0,-500.0
-500,-500,-500,-500,-500,-500,-500,-500,-500,-500,-500,-500.0,-500.0,-500.0,-500.0,-500.0,-500.0,-500.0,-500.0,-500.0,-500.0,-500.0,-500.0,-500.0,-500.0,-500.0,-500.0,-500.0,-500.0,-500.0,-500.0,-500.0,-500.0,-500.0,-500.0,-500.0,-500.0,-500.0,-500.0,-500.0,-500.0,-500.0,-500.0,-500.0,-500.0,-500.0,-500.0,-500.0,-500.0,-500.0,-500.0,-500.0,-500.0,-500.0,-500.0,-500.0,-500.0,-500.0,-500.0,-500.0,-500.0,-500.0,-500.0,-500.0,-500.0,-500.0,-500.0,-500.0,-500.0,-500.0,-500.0,-500.0,-500.0,-500.0,-500.0
-500,-500,-500,-500,-500,-500,-500,-500,-500,-500,-500,-500.0,-500.0,-500.0,-500.0,-500.0,-500.0,-500.0,-500.0,-500.0,-500.0,-500.0,-500.0,-500.0,-500.0,-500.0,-500.0,-500.0,-500.0,-500.0,-500.0,-500.0,-500.0,-500.0,-500.0,-500.0,-500.0,-500.0,-500.0,-500.0,-500.0,-500.0,-500.0,-500.0,-500.0,-500.0,-500.0,-500.0,-500.0,-500.0,-500.0,-500.0,-500.0,-500.0,-500.0,-500.0,-500.0,-500.0,-500.0,-500.0,-500.0,-500.0,-500.0,-500.0,-500.0,-500.0,-500.0,-500.0,-500.0,-500.0,-500.0,-500.0,-500.0,-500.0,-500.0
-500,-500,-500,-500,-500,-500,-500,-500,-500,-500,-500,-500.0,-500.0,-500.0,-500.0,-500.0,-500.0,-500.0,-500.0,-500.0,-500.0,-500.0,-500.0,-500.0,-500.0,-500.0,-500.0,-500.0,-500.0,-500.0,-500.0,-500.0,-500.0,-500.0,-500.0,-500.0,-500.0,-500.0,-500.0,-500.0,-500.0,-500.0,-500.0,-500.0,-500.0,-500.0,-500.0,-500.0,-500.0,-500.0,-500.0,-500.0,-500.0,-500.0,-500.0,-500.0,-500.0,-500.0,-500.0,-500.0,-500.0,-500.0,-500.0,-500.0,-500.0,-500.0,-500.0,-500.0,-500.0,-500.0,-500.0,-500.0,-500.0,-500.0,-500.0
-500,-500,-500,-500,-500,-500,-500,-500,-500,-500,-500,-500.0,-500.0,-500.0,-500.0,-500.0,-500.0,-500.0,-500.0,-500.0,-500.0,-500.0,-500.0,-500.0,-500.0,-500.0,-500.0,-500.0,-500.0,-500.0,-500.0,-500.0,-500.0,-500.0,-500.0,-500.0,-500.0,-500.0,-500.0,-500.0,-500.0,-500.0,-500.0,-500.0,-500.0,-500.0,-500.0,-500.0,-500.0,-500.0,-500.0,-500.0,-500.0,-500.0,-500.0,-500.0,-500.0,-500.0,-500.0,-500.0,-500.0,-500.0,-500.0,-500.0,-500.0,-500.0,-500.0,-500.0,-500.0,-500.0,-500.0,-500.0,-500.0,-500.0,-500.0
-500,-500,-500,-500,-500,-500,-500,-500,-500,-500,-500,-500.0,-500.0,-500.0,-500.0,-500.0,-500.0,-500.0,-500.0,-500.0,-500.0,-500.0,-500.0,-500.0,-500.0,-500.0,-500.0,-500.0,-500.0,-500.0,-500.0,-500.0,-500.0,-500.0,-500.0,-500.0,-500.0,-500.0,-500.0,-500.0,-500.0,-500.0,-500.0,-500.0,-500.0,-500.0,-500.0,-500.0,-500.0,-500.0,-500.0,-500.0,-500.0,-500.0,-500.0,-500.0,-500.0,-500.0,-500.0,-500.0,-500.0,-500.0,-500.0,-500.0,-500.0,-500.0,-500.0,-500.0,-500.0,-500.0,-500.0,-500.0,-500.0,-500.0,-500.0
-500,-500,-500,-500,-500,-500,-500,-500,-500,-500,-500,-500.0,-500.0,-500.0,-500.0,-500.0,-500.0,-500.0,-500.0,-500.0,-500.0,-500.0,-500.0,-500.0,-500.0,-500.0,-500.0,-500.0,-500.0,-500.0,-500.0,-500.0,-500.0,-500.0,-500.0,-500.0,-500.0,-500.0,-500.0,-500.0,-500.0,-500.0,-500.0,-500.0,-500.0,-500.0,-500.0,-500.0,-500.0,-500.0,-500.0,-500.0,-500.0,-500.0,-500.0,-500.0,-500.0,-500.0,-500.0,-500.0,-500.0,-500.0,-500.0,-500.0,-500.0,-500.0,-500.0,-500.0,-500.0,-500.0,-500.0,-500.0,-500.0,-500.0,-500.0
-500,-500,-500,-500,-500,-500,-500,-500,-500,-500,-500,-500.0,-500.0,-500.0,-500.0,-500.0,-500.0,-500.0,-500.0,-500.0,-500.0,-500.0,-500.0,-500.0,-500.0,-500.0,-500.0,-500.0,-500.0,-500.0,-500.0,-500.0,-500.0,-500.0,-500.0,-500.0,-500.0,-500.0,-500.0,-500.0,-500.0,-500.0,-500.0,-500.0,-500.0,-500.0,-500.0,-500.0,-500.0,-500.0,-500.0,-500.0,-500.0,-500.0,-500.0,-500.0,-500.0,-500.0,-500.0,-500.0,-500.0,-500.0,-500.0,-500.0,-500.0,-500.0,-500.0,-500.0,-500.0,-500.0,-500.0,-500.0,-500.0,-500.0,-500.0
-500,-500,-500,-500,-500,-500,-500,-500,-500,-500,-500,-500.0,-500.0,-500.0,-500.0,-500.0,-500.0,-500.0,-500.0,-500.0,-500.0,-500.0,-500.0,-500.0,-500.0,-500.0,-500.0,-500.0,-500.0,-500.0,-500.0,-500.0,-500.0,-500.0,-500.0,-500.0,-500.0,-500.0,-500.0,-500.0,-500.0,-500.0,-500.0,-500.0,-500.0,-500.0,-500.0,-500.0,-500.0,-500.0,-500.0,-500.0,-500.0,-500.0,-500.0,-500.0,-500.0,-500.0,-500.0,-500.0,-500.0,-500.0,-500.0,-500.0,-500.0,-500.0,-500.0,-500.0,-500.0,-500.0,-500.0,-500.0,-500.0,-500.0,-500.0
-500,-500,-500,-500,-500,-500,-500,-500,-500,-500,-500,337.75043107734416,312.5898343446395,294.63209601162055,282.41459962595025,262.4516145793517,249.42708553249813,238.639010517751,223.7636581496671,210.849537729865,198.17835139116914,185.02449947914167,175.27353026235943,166.07388495720068,150.62276386219577,140.64174914211014,130.92416697480445,120.28495803768126,108.63707576222122,99.44691376298358,90.49679881133775,81.34775652758893,70.01989310038881,58.714921203605726,50.7877397986845,43.00417366746183,35.10381437956576,26.47376927002051,15.262421796234932,6.462238218012104,-1.5972451124989249,-7.9248623029462095,-17.070330111256283,-24.329172041107157,-31.792931776384393,-39.027087541260414,-45.8067999826778,-52.859800036930736,-63.045500931819475,-70.53259786091647,-76.11160465276576,-82.28589252525299,-74.90782051354267,-67.19159286379137,-60.34829289140002,-52.365443656000494,-44.142388342057345,-36.86295785210548,-30.394536903061237,-24.18919406448363,-15.557306749886834,-6.448913596126289,0.2958143974869927,6.962349386370747,14.213072755128564,22.65696632757546,30.01296781191347,38.337044364865136,42.773017199850926,49.01850872486831,57.65604201107428,65.09917314530588,72.38102636784947,80.64823507937209,87.54658038732508
-500,-500,-500,-500,-500,-500,-500,-500,-500,-500,-500,-500.0,330.4021662390718,304.4357594954045,290.8316629870119,274.26601360050995,258.2459648146392,245.8369870228751,230.00425215204086,219.08662402342475,207.52055926823863,191.14313455407807,180.89271594685192,171.54817613663204,157.61268839252344,146.78628236450024,136.04401176507506,128.42857954447817,115.92090705606454,104.58738898812456,94.88365908609413,85.17661863771049,78.45262605503245,64.07661722804298,56.62695150766653,46.51175798825375,39.45784857697463,32.03752844752245,22.796773346666,11.728578739170331,2.4977711617645326,-5.1085401405333215,-12.600765393760838,-19.386773844381523,-27.817364905692216,-35.938150445200534,-41.8952284794168,-48.01144319779941,-56.433357543873896,-63.78897643988745,-70.44526841470936,-76.24891798554175,-76.81459404740708,-70.41129441418202,-62.79164875611393,-56.819640117330366,-50.02511359307009,-41.31633653405338,-35.1589575708777,-27.113070529805384,-20.91173734510018,-11.381740859084942,-4.202749607117013,3.1611919579686116,10.99107385145112,18.89501375427757,26.461912991605658,34.13896976792991,40.55181973074423,46.40260432695125,52.763477208556935,60.90109643157511,69.76994967217132,77.11544056302591,81.87070949786582
-500,-500,-500,-500,-500,-500,-500,-500,-500,-500,-500,-500.0,-500.0,318.13790140324267,300.1672662544607,286.011712143671,266.6348837849645,253.20832331384145,241.35339766262814,225.27885472439846,213.82551731118372,202.78448933526983,186.74904131963004,177.27222067746126,167.32312566366906,151.78836140914035,141.9615731922017,133.1625001669976,122.88101792373683,109.32407265124145,100.45350757760049,91.56415671870005,82.29870245440326,74.86794718322719,59.76827125993532,51.861421621183496,44.42306631584276,36.95662933803882,28.266293039826238,20.32843682897095,8.465404238748079,-0.23426424793130707,-6.911020414398536,-16.361227480633247,-23.09474478121446,-31.322867858008934,-38.4752993704447,-45.12363392432913,-52.38881397992802,-59.472875832108556,-67.72433049898655,-73.84091809089878,-80.77517144247433,-75.98900574184472,-68.85653144264577,-60.908921353056115,-53.76223214003903,-44.947995574552124,-38.035718125432595,-31.31975028016548,-23.227144153501854,-15.18563035227821,-7.816734545273363,0.23328423339658855,7.933098780878936,16.06049467356179,22.767411565883194,29.10702479104748,34.805803430349854,40.225385131836745,50.45740219290502,56.646175003947334,65.89970765060067,73.37659324428883,78.83558946889758
-500,-500,-500,-500,-500,-500,-500,-500,-500,-500,-500,-500.0,-500.0,-500.0,309.98423266702537,295.37874198129543,277.52539606672985,261.18780159580683,248.67354246993824,233.75442925376348,221.2542411609706,209.11595830326303,195.5412041712097,183.46057539448643,173.44306506947612,163.80860268784687,147.26112389736494,138.7895150236459,130.03182280407867,119.77891415140782,106.16826620686537,96.99451472580252,87.485889666569,78.39603929743699,68.71194258914046,56.98058867287135,47.77866603235971,39.19023671572377,32.534349879832234,25.449221325341583,14.670806371327387,4.593310480779365,-3.653137468286914,-12.596727572625554,-19.564776358143533,-27.108423283635332,-34.500110198368645,-42.00250927932626,-47.51914804341051,-56.28291329855017,-64.16422959687557,-70.01698691333756,-75.68537813046508,-77.00295873340215,-72.34053811732629,-64.7332541141378,-57.58146031269682,-48.412641893266866,-40.57842620845052,-33.76444511395562,-27.649257302432716,-18.951016758874403,-10.380483212767302,-2.3964364725744787,4.226901726432558,11.572268570678034,17.84478202459914,24.69232580427989,30.58501272431323,40.191703717795846,46.68631517295512,52.900748001923006,61.343901204537204,69.14113108764721,74.91397910569115
-500,-500,-500,-500,-500,-500,-500,-500,-500,-500,-500,-500.0,-500.0,-500.0,324.10614658241616,305.2100495116782,291.5369612709672,269.4465897052012,256.5771945182067,244.60777549539824,227.83658982537304,217.20879783581623,205.9028530802202,189.49451537191356,179.4883875189018,169.30615478749903,156.5852511890092,144.06925380973536,134.47510353307132,124.7961110086788,113.05931137293895,100.72517400623505,92.30690161390528,83.47416331163453,75.5709067135736,64.55958427122349,53.20014280417061,45.02538130108748,37.29940850899234,29.86385156435746,20.5825701974465,11.92372174073617,2.528891939358516,-7.002966893662844,-15.005132115263407,-23.94923723787612,-29.645885947400444,-38.074883406545425,-44.33151655967916,-51.76934355259975,-58.8999068035084,-65.7776047015472,-71.9579030772314,-77.58166027912861,-74.04573910120317,-68.18529219399461,-60.63118717346259,-52.1922176517334,-43.1627515060803,-37.1106384859841,-30.288407580096845,-22.313337304803326,-14.150895141567972,-6.620666828397006,-0.21523274150617056,7.474275917269011,13.533524786382443,20.119692043671193,26.787306643760033,36.30383928374724,43.66346768442294,50.579570616169775,57.89321110405757,64.65437946761895,70.45169587318375
-500,-500,-500,-500,-500,-500,-500,-500,-500,-500,-500,-500.0,-500.0,-500.0,-500.0,315.9375672031235,301.13008280313466,287.0184069933697,265.23500121452514,252.24001493341035,237.0650363939901,223.54714076213844,211.8001544946612,196.40566419308874,185.67047777012746,176.5852953020049,164.71710083196194,149.40511003422097,140.17097905450225,131.76857431013508,120.9490614066721,107.36534570065264,98.4571881355862,88.73931875997911,79.6765416953058,71.79994870285265,60.95487408775148,49.25141292077866,42.200151651116514,33.70292979606036,25.485560301331063,16.118256168926493,7.86664400688592,-0.4894203343591954,-11.278285704790989,-17.963115532048647,-27.211665032919072,-33.42104010187808,-41.06718888993771,-47.438396756543014,-55.53560692430976,-62.984334164232735,-69.64052172122773,-75.85612822959085,-77.6403824337533,-71.37842411665454,-65.56271221398873,-56.51339728314862,-48.182864384417556,-39.86405433303945,-34.00268904531018,-26.844933160224826,-18.658048887795985,-9.221734746507423,-2.221985956544856,2.2419319514806517,8.354791007072293,16.004963066394026,24.791630102342708,32.763420749150725,39.043813738151655,48.115841610036185,54.329015644565416,60.67467559768386,65.48910480855103
-500,-500,-500,-500,-500,-500,-500,-500,-500,-500,-500,-500.0,-500.0,-500.0,-500.0,-500.0,310.8677214233055,296.70690714568775,273.6386980018277,259.1575842529193,246.42192291124726,230.95708675629112,219.2885151955776,208.0007921971134,190.99649667798292,181.29349711739133,172.4529922586126,161.24717422881213,144.72705588870411,136.2155599593185,126.65768420390373,117.82628872814772,103.03368794038926,93.27174863342586,84.45794708221489,76.9674046030387,68.17766834663905,56.45310121091954,47.4840039318165,38.01792068881099,29.182830342496203,22.03761408237372,12.976723142174777,5.448421129524846,-1.9353080728760546,-13.248074994321385,-22.58561229845934,-30.065053537568005,-37.02806294914559,-44.52139033900832,-51.74572152975233,-58.64193429137889,-65.74296877277584,-72.34166753979777,-77.9424455744567,-75.28892648002865,-66.7958132732729,-60.15031063796668,-53.42296605766953,-44.481933096628254,-36.31917409169948,-29.285402938724516,-21.87096503421438,-13.684894674482976,-7.672423158649536,-0.6843987234339579,5.972043965119539,12.774097654775602,20.874384092014964,29.05131116955178,36.745598288427786,44.25299498674005,52.50904400212586,56.965782282893144,62.39510816106058
-500,-500,-500,-500,-500,-500,-500,-500,-500,-500,-500,-500.0,-500.0,-500.0,-500.0,-500.0,-500.0,306.6510428820011,291.8506858042444,268.3209699053586,254.64495211245924,243.28370536137683,227.5311116609338,214.5865050451819,203.26519378180973,187.01627179125995,176.84495256531847,166.48220525225696,154.0968470308154,141.26814877418042,133.46519488645322,122.49953506491809,110.06325422800688,99.55135254544032,88.87053481433587,81.23501074418752,72.57334327067166,64.03928320105237,49.70818015067482,41.7092881963313,33.62060516545813,25.57517402440557,17.72888263995722,9.561925805812592,1.6927246235101308,-6.345827586257471,-15.41811457122634,-25.732479073577466,-34.13411988771429,-39.590614548883735,-47.07826464304351,-54.96856853492686,-62.24259697461734,-68.52319363854386,-75.53744328715064,-77.68115557939036,-70.31827536987144,-62.6031926282553,-55.88178122986925,-48.37283249497638,-40.25693191741236,-32.38744622585436,-25.327976984137607,-19.765371057832084,-11.882377441835374,-4.716038988509908,0.9565166615835494,7.967140588007439,16.21122471349763,24.804648902955137,33.16230037045173,41.47836164113242,45.98901710214206,51.90158679119983,59.50205364782265
-500,-500,-500,-500,-500,-500,-500,-500,-500,-500,-500,-500.0,-500.0,-500.0,-500.0,-500.0,-500.0,-500.0,302.1649674184581,278.36376786086043,263.893277251641,251.18612351922383,233.5562195581885,222.79084242567984,209.60611334823597,195.48041166725568,183.74058874201558,172.66670600509252,162.82265656846465,147.40943319736903,136.94867946069348,129.33771419006052,118.5890297024619,106.44803033419305,95.8543370660474,86.25708928606116,77.18876363450585,68.81626239549503,61.027994403994285,47.16237193711514,40.03236331679554,31.06051174477595,23.67035795072279,12.877556761145513,5.633666614924948,-1.4892465171166975,-9.580204534556913,-16.153593810842167,-27.537537704857783,-36.63397115408611,-42.99781426455597,-50.52002014781458,-57.4030476774178,-65.8749467208085,-71.89809115319757,-75.53686037865806,-73.55766198873815,-66.38451028146744,-59.13456835980111,-52.061801500978774,-42.955402387143096,-37.38362065975468,-30.531053422024428,-23.76774187466677,-17.432957787987903,-9.669165376546388,-0.49158048847102975,4.763136801142863,13.56800724148475,21.693982019235804,30.976899630100718,37.409323025264456,42.204796782158255,47.830812047333055,56.971517287458326
-500,-500,-500,-500,-500,-500,-500,-500,-500,-500,-500,-500.0,-500.0,-500.0,-500.0,-500.0,-500.0,-500.0,-500.0,297.829483753054,272.4950345928702,258.9260667824042,246.8880084854236,230.05105772557732,217.32455380857945,204.5522774347836,188.9428017722243,179.4918502304414,169.29943440517002,159.18647849723212,142.99235386456394,133.75303555287002,124.97850443873226,115.82815828072775,100.79695653775201,91.85481724629041,82.41663090024439,74.00908978811108,65.239961676444,56.21834680685183,42.98362238321323,35.33498377022889,26.111466270445533,17.358696181568675,10.253863540538035,2.0090619579252404,-4.173008264099124,-13.845952848861913,-20.693399292847246,-30.30595762837821,-37.610650385160795,-43.71326535861644,-52.796747293293436,-61.68464708376786,-67.64288753989011,-75.44719635261019,-75.88763254681743,-69.99541442179782,-63.23871502071502,-57.24741734133244,-49.0462525910084,-41.49296986269536,-35.74961816666611,-27.94831406865916,-20.884398160463647,-12.647980681372488,-4.4774541572977995,4.734796951059948,10.167583822825605,17.312030655855565,25.824515004750836,31.39332068949362,38.977008503413174,45.44679131830257,51.91823432726578
-500,-500,-500,-500,-500,-500,-500,-500,-500,-500,-500,-500.0,-500.0,-500.0,-500.0,-500.0,-500.0,-500.0,-500.0,-500.0,282.6791858690856,268.00971610531235,253.94138338358115,236.82367078320885,224.34855160632569,213.09263307139787,200.91279190455418,186.4057884163284,174.82750991477826,165.62200149126443,150.27090206425822,139.80976535043948,130.0946020307235,120.19098438822303,111.13610676315221,96.47289798973225,88.71627121242528,79.33160138525336,70.08070646410147,61.248862290516,52.12150929589093,39.38163154994824,31.81717463299158,23.945814123237128,16.001582823382847,6.5760494422240185,0.020518742108336596,-9.068859188419069,-16.31195104582676,-24.19003802996899,-30.914400889990972,-37.77594051979936,-48.15144194062378,-55.48027151293708,-61.79963235764906,-69.44045455300773,-74.70621694646348,-75.76921905047953,-68.1014867608528,-60.7297800193989,-55.37670028039412,-46.4034495433459,-38.56083431871782,-31.247796592115733,-23.139813305003727,-16.78993877833335,-9.711630335562532,-0.7973740330663333,6.885811808115079,14.051018009629644,22.48238215486799,27.983578753127816,33.38019878708411,40.830423247174366,48.8284416443217
-500,-500,-500,-500,-500,-500,-500,-500,-500,-500,-500,-500.0,-500.0,-500.0,-500.0,-500.0,-500.0,-500.0,-500.0,-500.0,-500.0,277.64677088521915,263.3143937339496,249.70933912923678,232.29592554209978,220.18629357233834,209.65219451357524,192.14671685570377,182.54438396844768,171.62752380176346,159.97664621804512,145.57896674427099,135.7110578123323,125.69198366356223,117.58201131461577,106.2749356180473,92.5876564618655,83.4665866337925,76.34572632843107,65.76559717735167,56.308075048818665,48.596050911262736,36.463468591329146,29.015096534979577,19.416639054055125,11.256798804460772,4.7311288433884755,-3.968204275599703,-12.332018074598395,-20.469173449113228,-27.915184679140808,-34.564815373673625,-42.00245768366892,-49.40318615109594,-56.994229407950556,-64.27110289841744,-69.95965607910854,-76.72157493955598,-73.07061898313015,-66.07033937068424,-58.17984934505782,-49.07469380876293,-41.9501564352709,-34.12607773458677,-26.993873178839607,-19.995362051842648,-12.410089931724215,-3.695227826641414,3.423494652888593,10.391380987576284,16.300325775306646,23.051773987020283,30.218866057482003,39.33470503144261,46.38839434467201
-500,-500,-500,-500,-500,-500,-500,-500,-500,-500,-500,-500.0,-500.0,-500.0,-500.0,-500.0,-500.0,-500.0,-500.0,-500.0,-500.0,-500.0,272.37039166633144,258.65804822896735,242.41293583406426,228.25445752172078,215.47046699948606,203.60169043175958,188.38739258565525,178.37105442204611,167.45106949902743,155.38924668469588,141.97289372422426,132.08164698871047,122.24450610247386,112.67747790446882,100.2328121366039,89.45146332352273,81.91323249927119,71.00221838344426,61.481112205927445,54.929307597250514,45.22728316080381,34.301101276478946,24.970646484857127,17.496950561614554,8.133166991668674,1.2275399601091124,-6.780027860490506,-15.493953387383613,-23.417592107063967,-30.4455432164265,-36.92559134488387,-44.8272839519999,-53.08176455789197,-60.57059520086304,-66.27088688198306,-71.69125637525877,-74.12204569969379,-69.76459807560344,-60.99893320242212,-53.77845816234283,-44.56293644349108,-37.12426527337948,-30.731152591120434,-23.36475574552736,-16.09631190643948,-7.064896910510001,-0.14743652214973224,7.270514843657182,13.681501713656843,19.747515053271428,26.104639359547832,35.97761346099311,42.609116236719714
-500,-500,-500,-500,-500,-500,-500,-500,-500,-500,-500,-500.0,-500.0,-500.0,-500.0,-500.0,-500.0,-500.0,-500.0,-500.0,-500.0,-500.0,-500.0,267.5150688581035,254.3631715590225,236.54922932870477,223.86023079848445,211.04357855286307,196.61459639625753,183.74394487825083,174.36467403298056,162.800280910471,149.42415391178235,137.952962816958,128.68014233626513,118.24636916463407,108.71391261415053,96.55878391884353,85.78269285197908,77.16391946164619,67.55174140044988,59.477490473089986,50.341877818653046,41.5326283769749,30.490047464978247,20.78568479836109,11.386607940434118,4.859334314409523,-2.4106973224060795,-11.327471724080453,-18.84393736160098,-25.825981568960998,-33.3149709492606,-40.551019620871486,-47.832818265950735,-55.72391209117794,-63.20671225467858,-69.4968518167678,-75.86121392742736,-72.47696975547942,-64.92921443985826,-57.408798051600655,-49.57205622349568,-40.43284766479532,-34.01488468673659,-26.443943938524043,-17.796478877125523,-11.722817123519448,-1.6067507218501902,2.2255219761888725,7.84767759736819,15.059394465022649,22.6906157183692,32.276786411183636,39.913622179257615
-500,-500,-500,-500,-500,-500,-500,-500,-500,-500,-500,-500.0,-500.0,-500.0,-500.0,-500.0,-500.0,-500.0,-500.0,-500.0,-500.0,-500.0,-500.0,-500.0,262.88258336026576,249.9057317688027,230.9327187913981,217.7787048946763,207.184874137359,190.06732858709503,180.2068225155098,169.23389509001902,158.72044416198565,143.24398452441307,133.68695691771472,124.70729081383723,114.39123513354586,103.08843559104557,90.7365728697993,81.59968830765273,72.96712184091558,63.36194489137753,55.32372182031369,47.64530208945678,38.796909088610164,27.33455720454006,18.597854117717702,9.983853639473793,1.6081124941085818,-5.913287938225153,-13.83157764434307,-21.72803700625326,-29.952299510239243,-36.65753042212002,-43.59387472118057,-53.43361051496325,-57.843830301632096,-65.79139723113185,-71.63964969617187,-74.8664823970038,-67.77890226069472,-60.114863312003024,-53.57233450761956,-44.95367338740665,-36.272209116181315,-29.7715038507762,-24.118617128947605,-16.101443325232523,-6.294940989927781,-0.13731851724250532,3.8358433646368724,11.697236438979445,19.901959090070164,27.128657754410554,36.12538412163602
-500,-500,-500,-500,-500,-500,-500,-500,-500,-500,-500,-500.0,-500.0,-500.0,-500.0,-500.0,-500.0,-500.0,-500.0,-500.0,-500.0,-500.0,-500.0,-500.0,-500.0,258.8538046952682,239.65527112420926,226.37346386639902,214.63977619971467,202.32941570839532,186.39141750392645,175.59220968037374,164.79631028418865,154.34377261434673,140.30070008699948,130.55863821774858,120.6809380632236,110.52624937862834,100.85662699802167,87.63768271832285,78.75299964831729,69.68817607015116,59.30034940188126,51.21753585385092,43.19206075170213,34.402271536513865,24.783194891943893,14.385714556826912,6.241890485187497,-3.1090696028242633,-9.878082320479095,-17.607611680383684,-26.632247502887367,-33.38091230528967,-39.593408575980646,-47.57809085384032,-55.61696645829633,-61.95897899566491,-69.35550764204079,-74.09402067459293,-70.99156123928297,-66.0484140301565,-56.78742070116533,-48.4983228021258,-40.94404976842168,-33.696482813473,-26.16267688796205,-18.298116458188318,-13.293904582322,-6.212101966560255,1.6038271234411923,8.598097967829958,15.966762501040094,24.0815279060771,32.45692142020681
-500,-500,-500,-500,-500,-500,-500,-500,-500,-500,-500,-500.0,-500.0,-500.0,-500.0,-500.0,-500.0,-500.0,-500.0,-500.0,-500.0,-500.0,-500.0,-500.0,-500.0,-500.0,254.8368517554408,235.167304457329,221.44939502563358,209.16520083950462,195.10857540612125,183.12805815328903,170.8460910191862,160.85273820510224,147.39265189960366,136.44060709891386,126.16026816861978,115.75182560013381,106.4970118597864,96.97520292703038,82.80830461018876,74.94145751398247,65.59148564882585,56.95134202115021,48.80533137073333,39.938598872094076,32.02488636824785,20.37131656985379,10.490593925509913,1.9527309664459551,-5.171194140467875,-13.763107565759327,-22.666263102599018,-29.665623103480257,-35.94690903452329,-42.87858605982282,-49.85754153290016,-57.85040619072838,-64.58136855691748,-71.23718754315223,-73.885311956528,-67.00574804088815,-61.40293670610886,-52.80138830703238,-45.021751443043726,-36.074502167187205,-29.26089058053492,-24.590316895456596,-18.582271197468856,-10.526746826974716,-1.3693719193951068,6.464107556532156,12.834657923298067,20.50718226430631,28.13446147795665
-500,-500,-500,-500,-500,-500,-500,-500,-500,-500,-500,-500.0,-500.0,-500.0,-500.0,-500.0,-500.0,-500.0,-500.0,-500.0,-500.0,-500.0,-500.0,-500.0,-500.0,-500.0,-500.0,246.28608943584067,229.60438599860043,217.4880607735784,205.91901425011832,189.03938823104505,177.85514575061086,167.61851007351598,155.81866841502836,140.70708450064694,131.66957992731213,122.04616739959373,112.77136622509198,102.59243707591065,89.5984943022128,79.96476056997669,70.95345887299769,61.88727513390242,54.053402627179636,44.38120029268387,35.58274666940122,27.630410091502156,17.1921195533193,8.491465432894287,-0.44212780942766017,-9.31788119488614,-17.779489632465427,-24.44671683492504,-30.99564596326948,-39.218193418992655,-45.71569038456457,-54.8604595529075,-62.108997691028975,-67.98435649257314,-74.02918674340305,-70.64814167322311,-62.55079583536474,-56.211844909182275,-47.500780530775984,-39.09712565613336,-34.450826319076256,-27.601149915588664,-21.268803559221382,-14.764109881918273,-5.592983962111518,3.663847806816463,10.146389926351603,17.14542240204952,24.857452742372786
-500,-500,-500,-500,-500,-500,-500,-500,-500,-500,-500,-500.0,-500.0,-500.0,-500.0,-500.0,-500.0,-500.0,-500.0,-500.0,-500.0,-500.0,-500.0,-500.0,-500.0,-500.0,-500.0,-500.0,238.79849790649382,224.69822525195195,212.07392541631515,200.82263734915688,185.14267718680685,174.56915901000178,162.9352376797816,153.34651126948324,138.00284576148766,127.90871948483314,116.95917507369735,108.51040029584055,97.5462715970478,86.9370115432124,76.56136258977466,66.72356310604943,58.11639819954108,48.822201097016574,41.233942926959315,33.1874256819485,23.61660199536712,14.354900656407452,5.459263520211053,-3.9274725820652776,-13.196703441056684,-20.31130171432828,-28.332358559763577,-35.995979883322335,-42.10366149532602,-49.32378221291641,-58.09353582240196,-63.27937485273121,-69.75230534441671,-73.4809189117047,-65.95647839941394,-59.4779715292306,-52.39445616487967,-45.33652926019336,-37.50121640732563,-31.592297614585746,-24.292666885477985,-17.791697118446876,-9.538006627558474,-0.708196074086672,7.62667809354916,13.407062806131279,21.908452199744872
-500,-500,-500,-500,-500,-500,-500,-500,-500,-500,-500,-500.0,-500.0,-500.0,-500.0,-500.0,-500.0,-500.0,-500.0,-500.0,-500.0,-500.0,-500.0,-500.0,-500.0,-500.0,-500.0,-500.0,251.14567844016466,234.13218617515906,220.71502537291798,208.20518890065986,192.6838249896519,180.1740239370536,169.62664589034844,158.36127493169687,147.9849592046158,132.9835018974047,125.03436501701906,113.99779376885401,103.52254545053187,94.65941299214889,82.23759391319717,72.89985681766461,62.902218138180004,54.45068940691171,45.52623544359146,38.16936298434899,27.690281470589483,19.30368587795087,12.718052844224573,4.011832575117083,-4.434993379836683,-15.676649628360153,-24.47864800914155,-31.27404481358579,-37.01921358885929,-45.05556493735571,-53.6700241553754,-60.30274976496926,-67.17503546615467,-74.1295493434115,-68.46011520258854,-65.99375429198895,-57.472428319149046,-51.72599865390714,-43.45923758742639,-35.075516264031236,-27.96568578947793,-21.087472426417804,-13.260944965235637,-4.553322062708844,3.7784388369988022,11.206304968317284,17.622470016350093
-500,-500,-500,-500,-500,-500,-500,-500,-500,-500,-500,-500.0,-500.0,-500.0,-500.0,-500.0,-500.0,-500.0,-500.0,-500.0,-500.0,-500.0,-500.0,-500.0,-500.0,-500.0,-500.0,-500.0,-500.0,243.0760679292456,229.0017589183745,215.32774187991723,204.5289039174425,188.25972296130152,176.67797831377658,164.62311475827832,155.0802407458131,142.27240813272482,129.7593396859512,119.81196835822217,109.95488383841032,99.57973108431958,92.41127221553083,79.52205063263776,67.00612050070075,58.34308815599795,51.06256387454309,41.937669571002644,33.975029742963684,24.580048160462752,16.291064621940876,8.783364691043431,-0.17618828721329294,-6.863558229207499,-16.844606949458637,-24.37118869769799,-32.82707046032789,-42.47126099359171,-49.33267615265977,-56.51408631046479,-63.299099771757156,-69.34065741151286,-73.47969858586006,-67.71198017028053,-63.24893414077843,-55.04304957607097,-45.98094296487098,-38.507255755588744,-31.203043791669344,-22.13578405603147,-17.53270462961342,-7.434770146067365,0.35766803761229937,7.570276715642734,12.213198102871644
-500,-500,-500,-500,-500,-500,-500,-500,-500,-500,-500,-500.0,-500.0,-500.0,-500.0,-500.0,-500.0,-500.0,-500.0,-500.0,-500.0,-500.0,-500.0,-500.0,-500.0,-500.0,-500.0,-500.0,-500.0,-500.0,237.44738020221715,223.77832463035486,211.68047638169048,197.14195909514777,183.52728699179872,171.9858614052999,161.1565127039745,150.71821927873341,135.286560283315,126.00136183239356,115.3585130747945,105.82592058272256,97.65849666086756,88.55378554194468,74.5047879989128,64.30917228628616,56.06693356745059,46.68740059501614,39.13067557993662,29.56192777652636,20.953994353918574,12.806394705843559,5.610308101048503,-2.4799974909365687,-11.760779803854561,-18.98877651019916,-27.908369382885198,-35.37022747901035,-42.089995871455244,-50.82366067000302,-58.78228807750507,-63.23821362968938,-70.46894093452687,-71.3975589161664,-65.83414278266314,-57.87216982870967,-49.363813620067575,-41.83745774340308,-34.514979791266896,-27.36808992709787,-20.493299379900222,-12.618955151178284,-3.861029409990735,3.714666322483396,8.665848878644042
-500,-500,-500,-500,-500,-500,-500,-500,-500,-500,-500,-500.0,-500.0,-500.0,-500.0,-500.0,-500.0,-500.0,-500.0,-500.0,-500.0,-500.0,-500.0,-500.0,-500.0,-500.0,-500.0,-500.0,-500.0,-500.0,-500.0,232.7503579412383,219.43773531754704,207.65875897852968,191.04483786074672,179.00485147405945,167.4371464630861,156.93559266554297,146.3677101493543,131.87893602024806,120.79232638373377,111.73027216694182,102.6740646689238,92.88295300214465,83.61880243836563,71.68571613529812,58.7229532645822,51.64034955597427,43.99598798954685,34.61740623207558,26.274488465338436,18.659276398582207,10.283265054522616,2.8614623264214316,-6.10324200642772,-14.994930412209499,-21.1559291054527,-29.304024973924783,-36.65720135400203,-43.91697696605998,-52.27977398117869,-59.10534114614943,-65.56447770273297,-70.09740089379318,-68.69898542867709,-61.4105383199299,-53.93280862503937,-46.30238259312655,-38.06366674671381,-30.025669877454618,-23.680959688837063,-16.099121694371775,-7.010613411606215,-1.1859811132875677,5.570150707449898
-500,-500,-500,-500,-500,-500,-500,-500,-500,-500,-500,-500.0,-500.0,-500.0,-500.0,-500.0,-500.0,-500.0,-500.0,-500.0,-500.0,-500.0,-500.0,-500.0,-500.0,-500.0,-500.0,-500.0,-500.0,-500.0,-500.0,-500.0,227.56869801919484,214.92640967916594,203.61509502382887,186.39953713548726,174.0807130079353,162.9591874089703,152.62037070872435,139.79637955014067,127.32003029098638,116.27748166029897,107.68496080316906,98.89408378515404,88.99673698348028,80.23046813426907,66.96952455693426,55.821834253473256,47.48497150324093,39.862060330089946,31.473319560239972,21.60995121927894,13.599474439327324,6.434705920036933,-1.3695271713724821,-9.687793437567606,-16.845473126435095,-25.43941760625364,-32.60021842236067,-39.72748242059494,-48.14204090727216,-55.06750376737163,-62.097074440227985,-68.92305114248326,-70.35050379071568,-64.50547018382153,-56.66517380331095,-50.13844220153564,-41.48596719826948,-32.74829807224175,-26.14304811666554,-19.972660625647762,-11.153201679168035,-4.825000961067801,1.6601092900161944
-500,-500,-500,-500,-500,-500,-500,-500,-500,-500,-500,-500.0,-500.0,-500.0,-500.0,-500.0,-500.0,-500.0,-500.0,-500.0,-500.0,-500.0,-500.0,-500.0,-500.0,-500.0,-500.0,-500.0,-500.0,-500.0,-500.0,-500.0,-500.0,223.48778614530295,210.0496808776487,195.78864624058264,180.4815604042352,169.65729003603545,159.43980798069765,149.8595375727858,136.46785336435792,123.45097452900406,113.28660625190568,103.69276561997385,94.50056078528871,85.01743421859878,74.87418349891982,63.119003159782295,54.00711175027622,44.89270814006531,35.44384840811871,27.930178491977998,18.837381907336336,11.217972400638047,3.013092097809505,-4.432714111764341,-14.356917903528739,-21.602408735941324,-27.815363672125343,-34.794700394691034,-43.14837427505043,-50.699908646221076,-58.363860276567166,-65.22066813660402,-70.65239838258431,-67.70166897688998,-60.29094111960879,-52.658207972830965,-44.17372560688531,-36.54465309230589,-29.93688559557033,-22.49274945127729,-16.607086698559044,-10.153027860658028,-2.8422151198474523
-500,-500,-500,-500,-500,-500,-500,-500,-500,-500,-500,-500.0,-500.0,-500.0,-500.0,-500.0,-500.0,-500.0,-500.0,-500.0,-500.0,-500.0,-500.0,-500.0,-500.0,-500.0,-500.0,-500.0,-500.0,-500.0,-500.0,-500.0,-500.0,-500.0,218.2771692656289,206.6886028197826,188.79274686155966,177.51678820490778,165.53607894784028,155.5840889954999,144.8769631717847,129.69813300247887,118.18786143656851,109.50821540274244,100.33349380172314,92.1613580730153,80.9545543923426,71.86718044446441,60.19670344888442,50.14791493825183,41.290330625472876,32.66849604747276,22.960897607480845,14.726147391079763,6.802366708125447,0.4504350067239784,-9.341394476371988,-17.002631903660458,-25.001406677893826,-31.534953977085536,-38.632458603990514,-46.79986124072977,-54.72729615303062,-61.07063583062191,-67.55594641860469,-69.69049614232149,-64.54747703097335,-56.3714429111006,-48.0983927101842,-40.93597814585689,-32.018295642243515,-26.483166255529667,-20.314650446917085,-14.044141743761884,-6.273494939962674
-500,-500,-500,-500,-500,-500,-500,-500,-500,-500,-500,-500.0,-500.0,-500.0,-500.0,-500.0,-500.0,-500.0,-500.0,-500.0,-500.0,-500.0,-500.0,-500.0,-500.0,-500.0,-500.0,-500.0,-500.0,-500.0,-500.0,-500.0,-500.0,-500.0,-500.0,214.56774096579238,203.04347653132766,184.55943766689418,173.39114712280247,161.71391359788504,150.89785660724246,140.99454804469212,125.14821855401935,115.60567722519662,105.64598343609707,95.95090608129055,87.76880652276598,77.48251704926254,67.72575602239775,56.539883483124854,46.80409405477023,37.566050101146445,28.625557080441965,19.157528817337678,12.848388736353172,4.430357936218897,-4.1515353946178095,-12.91493304353476,-20.403245641372834,-27.204580844455492,-33.88831195721532,-42.54392031261436,-49.76949986022939,-57.35564492977743,-64.33191207564195,-69.98639140781981,-66.7096452743243,-59.546190298899845,-52.531673622047634,-45.195356143563984,-35.618109380440245,-30.60796293833566,-24.86759791901595,-17.11113380592643,-9.649675435316837
-500,-500,-500,-500,-500,-500,-500,-500,-500,-500,-500,-500.0,-500.0,-500.0,-500.0,-500.0,-500.0,-500.0,-500.0,-500.0,-500.0,-500.0,-500.0,-500.0,-500.0,-500.0,-500.0,-500.0,-500.0,-500.0,-500.0,-500.0,-500.0,-500.0,-500.0,-500.0,210.05073784093867,194.60885564309956,180.42753760719535,168.15966699355388,158.32146963943316,147.62703713996518,136.10219406058098,120.89270601851749,111.08626594677575,102.38369776770871,94.63142715805823,83.50240688935126,72.90374161436017,63.95989643639835,53.782663659750256,42.34254171080673,33.085090730173874,23.9430336027323,16.18957462534975,8.275969225559606,0.8742992996412084,-7.635206061261073,-15.614717130129677,-24.03149139588332,-30.439867501979094,-37.98502676107131,-46.82315329677991,-53.769005552213414,-61.25286944988109,-67.11912831692464,-69.53424223130126,-62.489407709930376,-56.31460652694713,-47.16270223905741,-42.47246328156868,-35.44413579160634,-27.20544743557356,-19.84500347665957,-12.414173056509611
-500,-500,-500,-500,-500,-500,-500,-500,-500,-500,-500,-500.0,-500.0,-500.0,-500.0,-500.0,-500.0,-500.0,-500.0,-500.0,-500.0,-500.0,-500.0,-500.0,-500.0,-500.0,-500.0,-500.0,-500.0,-500.0,-500.0,-500.0,-500.0,-500.0,-500.0,-500.0,-500.0,206.89375093699024,187.44743348067746,175.31964525899753,164.50672311846182,154.1377093582298,144.43202103939961,129.4838995541312,116.44476227482446,107.56383838081243,98.61935344052134,89.44907153327372,78.02816229094437,69.80178224552226,59.697747952384034,51.92246254904883,38.71263764777265,30.539024137693048,20.53175228383253,12.66647967342739,6.929476798045329,-2.466107486557476,-10.988723008370641,-19.646579099054406,-26.855422084358466,-33.65158480243824,-41.41511099017319,-49.009989772687675,-56.497184310475575,-62.609107125682726,-68.91324485360069,-66.77490550722281,-58.27590079806227,-52.97083249843678,-45.54631320605647,-38.81631107928594,-29.87767806499454,-24.17494198018437,-15.868141337768009
-500,-500,-500,-500,-500,-500,-500,-500,-500,-500,-500,-500.0,-500.0,-500.0,-500.0,-500.0,-500.0,-500.0,-500.0,-500.0,-500.0,-500.0,-500.0,-500.0,-500.0,-500.0,-500.0,-500.0,-500.0,-500.0,-500.0,-500.0,-500.0,-500.0,-500.0,-500.0,-500.0,-500.0,203.5179390068474,183.01706740712206,170.75452087822902,160.360507318269,150.2631123332923,139.55005972650707,125.8474928554759,113.58402587765256,102.99607535046663,94.8545269208228,84.2496355797689,75.35713415698484,66.1233896242604,58.14063801034328,48.81343979714846,36.01351240824994,27.12855736959719,18.74303498772352,10.394202023400908,1.6424292818621211,-6.835284502608246,-14.715765662959214,-22.220528587280896,-30.470960415469122,-36.137736152384605,-45.21619997404288,-52.81382935148014,-59.136686374728214,-65.7246194312823,-68.14462136420329,-63.87155351952599,-56.46576942228204,-51.22713158642996,-42.907907670975604,-34.22412794813059,-27.028444095849736,-18.725635211666386
-500,-500,-500,-500,-500,-500,-500,-500,-500,-500,-500,-500.0,-500.0,-500.0,-500.0,-500.0,-500.0,-500.0,-500.0,-500.0,-500.0,-500.0,-500.0,-500.0,-500.0,-500.0,-500.0,-500.0,-500.0,-500.0,-500.0,-500.0,-500.0,-500.0,-500.0,-500.0,-500.0,-500.0,-500.0,193.4830083776904,178.44843744147704,166.65753158485526,156.15008084495997,146.31210973195962,134.588235172661,119.52910836309773,109.48103967524827,99.66477151186925,91.00598618211743,80.84359401337451,70.66587842002137,62.56213194441203,53.94529396080398,44.87024020257728,32.87478636784911,23.443280604410702,14.814147315148603,6.953334017757015,-1.8566928241057354,-10.177284830562343,-18.037492688486623,-25.099166764182783,-31.74698474462265,-40.443762595292185,-47.911573516844385,-56.66126968301599,-62.142605115819705,-66.25191402382917,-65.79302499336484,-62.05975244224962,-54.62545635234095,-46.31703431133408,-37.82169283180565,-29.6134271775812,-23.020053594675176
-500,-500,-500,-500,-500,-500,-500,-500,-500,-500,-500,-500.0,-500.0,-500.0,-500.0,-500.0,-500.0,-500.0,-500.0,-500.0,-500.0,-500.0,-500.0,-500.0,-500.0,-500.0,-500.0,-500.0,-500.0,-500.0,-500.0,-500.0,-500.0,-500.0,-500.0,-500.0,-500.0,-500.0,-500.0,-500.0,186.03028566545663,173.83379491597998,163.57167939773106,152.8977468321007,141.2585383413166,130.78859422319175,115.12310635762384,106.18858301767065,95.96317559775115,87.15667935587102,75.16939896370533,67.13895535339591,58.56555068043127,51.14941181614277,40.90892108059225,32.29554015413616,20.97254064338506,14.116322661222426,3.783090700002589,-5.553302112828234,-12.664745673409271,-20.758118178812595,-27.941833924119862,-36.07866908212745,-43.17397995634437,-49.59311310439459,-57.413489530576726,-62.014384824667346,-67.64489987674136,-64.1926521186292,-58.19077040590281,-49.751601572030594,-41.11646309891613,-32.8710636425388,-25.52432663795578
-500,-500,-500,-500,-500,-500,-500,-500,-500,-500,-500,-500.0,-500.0,-500.0,-500.0,-500.0,-500.0,-500.0,-500.0,-500.0,-500.0,-500.0,-500.0,-500.0,-500.0,-500.0,-500.0,-500.0,-500.0,-500.0,-500.0,-500.0,-500.0,-500.0,-500.0,-500.0,-500.0,-500.0,-500.0,-500.0,-500.0,181.2775124067684,170.20993939310958,159.81424930813068,149.67940153888475,137.08587996506128,127.47600785170715,111.13973791816107,101.62526198450392,92.97364227598437,82.36192683424196,72.5613872635176,63.52872924819199,54.65346748498288,46.797104451785756,37.41353684569408,28.400698885763532,19.670269594678615,11.69543678207539,1.3021051676410593,-7.50195967427598,-16.23642939992368,-23.2805455623012,-29.81962078499457,-37.28116634307433,-43.11911535546449,-50.85558993346669,-57.93944442294256,-64.99275273718365,-67.16520932357274,-60.381807908335006,-53.234691558353546,-45.974543740906284,-37.272714038518984,-28.6169107432069
-500,-500,-500,-500,-500,-500,-500,-500,-500,-500,-500,-500.0,-500.0,-500.0,-500.0,-500.0,-500.0,-500.0,-500.0,-500.0,-500.0,-500.0,-500.0,-500.0,-500.0,-500.0,-500.0,-500.0,-500.0,-500.0,-500.0,-500.0,-500.0,-500.0,-500.0,-500.0,-500.0,-500.0,-500.0,-500.0,-500.0,-500.0,177.09179112756,166.36110541821697,155.44160689035485,144.6625529047582,133.04627710873368,122.56115094435623,107.81106254394629,98.68146162578,88.49166092934556,79.13138386417593,69.22085976197997,60.98091454202746,52.224922872372176,42.49732280340234,32.75686723712221,24.35769802310668,16.624492337426176,9.617666241501766,0.7784659864835106,-8.321175598675254,-16.576867194503308,-23.74376252604486,-29.85781934989535,-37.78742404845596,-46.38823857191811,-53.7159586232619,-60.347422488280955,-66.55412957795802,-63.2886583753065,-55.73746203923345,-48.45343605738674,-40.708555020164454,-31.87679712663521
-500,-500,-500,-500,-500,-500,-500,-500,-500,-500,-500,-500.0,-500.0,-500.0,-500.0,-500.0,-500.0,-500.0,-500.0,-500.0,-500.0,-500.0,-500.0,-500.0,-500.0,-500.0,-500.0,-500.0,-500.0,-500.0,-500.0,-500.0,-500.0,-500.0,-500.0,-500.0,-500.0,-500.0,-500.0,-500.0,-500.0,-500.0,-500.0,173.0738406485043,162.11019530634235,152.552792882633,140.5044498131923,128.54862053611174,118.46568170439835,104.43725050102643,95.38153955213792,84.68447821412668,74.72116751407263,65.68615745285214,57.80331710479763,48.712620292142134,39.068012696471655,29.5495575391424,21.062954421553755,14.075008906942301,6.0444098715913555,-3.631006611730669,-11.545342331867118,-19.865501879067935,-26.315194312992645,-33.224877068759085,-41.73344404718215,-49.58156125464417,-56.64112965107118,-63.00971100906217,-66.53712360231485,-59.884395460873236,-51.93536781860425,-43.836223515606406,-35.97006918342352
-500,-500,-500,-500,-500,-500,-500,-500,-500,-500,-500,-500.0,-500.0,-500.0,-500.0,-500.0,-500.0,-500.0,-500.0,-500.0,-500.0,-500.0,-500.0,-500.0,-500.0,-500.0,-500.0,-500.0,-500.0,-500.0,-500.0,-500.0,-500.0,-500.0,-500.0,-500.0,-500.0,-500.0,-500.0,-500.0,-500.0,-500.0,-500.0,-500.0,169.07612138110414,158.2075918383852,148.02199441138202,134.67478500891553,124.95366659387756,112.64996458148741,100.90379793100388,90.52681347768012,80.74420598191196,70.7266351597378,61.213669210701056,53.45178779510421,44.45179483135772,34.27653633984606,25.510015499310825,18.01805526701682,9.452293430395656,1.7556296266854332,-5.985539349542961,-14.57813617738104,-21.71924015250127,-29.464160849506413,-38.553138660753106,-45.57236967684035,-52.86022962933846,-60.04700514032827,-65.24322822607272,-63.23215129862422,-55.92818695185588,-47.95386158548544,-38.491966255348544
-500,-500,-500,-500,-500,-500,-500,-500,-500,-500,-500,-500.0,-500.0,-500.0,-500.0,-500.0,-500.0,-500.0,-500.0,-500.0,-500.0,-500.0,-500.0,-500.0,-500.0,-500.0,-500.0,-500.0,-500.0,-500.0,-500.0,-500.0,-500.0,-500.0,-500.0,-500.0,-500.0,-500.0,-500.0,-500.0,-500.0,-500.0,-500.0,-500.0,-500.0,165.86377610983197,154.60441409527897,143.6416677905888,131.3020641564891,121.55357714444446,108.86466995823565,97.26960708762743,85.88118866866563,76.65575219085275,67.14931923856574,59.0107801575206,49.745246444837576,39.8630504590426,31.2754665744434,22.85024860274281,15.075472913612444,6.095206505257252,-1.6620598081318008,-10.955515951700647,-18.230745328871194,-25.07883980092761,-33.09175183001298,-41.673457293374994,-48.596828252070765,-55.51660726694172,-62.51933404983363,-64.81269224151572,-58.416900751842505,-50.65872525451465,-42.554606262214776
-500,-500,-500,-500,-500,-500,-500,-500,-500,-500,-500,-500.0,-500.0,-500.0,-500.0,-500.0,-500.0,-500.0,-500.0,-500.0,-500.0,-500.0,-500.0,-500.0,-500.0,-500.0,-500.0,-500.0,-500.0,-500.0,-500.0,-500.0,-500.0,-500.0,-500.0,-500.0,-500.0,-500.0,-500.0,-500.0,-500.0,-500.0,-500.0,-500.0,-500.0,-500.0,161.84364931245943,149.91014693039207,139.05766405565043,127.89297015112163,116.57847580642976,104.82190637079232,93.18641844194099,82.42142854306269,72.3172562456156,64.0140254873887,55.87962716227331,46.11764008044837,36.969723684048944,27.58946119544106,19.729588914207653,10.824829584195442,3.1121249155905133,-5.4474781221590405,-14.061403712804122,-19.93558153698207,-27.162272946626416,-35.70191159498434,-45.03342114855434,-51.86925835408263,-58.18425949612639,-64.327888587257,-61.332790925918815,-54.27199914779081,-46.98604094480157
-500,-500,-500,-500,-500,-500,-500,-500,-500,-500,-500,-500.0,-500.0,-500.0,-500.0,-500.0,-500.0,-500.0,-500.0,-500.0,-500.0,-500.0,-500.0,-500.0,-500.0,-500.0,-500.0,-500.0,-500.0,-500.0,-500.0,-500.0,-500.0,-500.0,-500.0,-500.0,-500.0,-500.0,-500.0,-500.0,-500.0,-500.0,-500.0,-500.0,-500.0,-500.0,-500.0,158.16601016397686,145.68952675328475,133.06366258353992,123.69330721981957,113.66388027278748,104.37572165708582,88.8757132944598,78.90013359784355,69.61451665598999,60.66602582161707,52.51676274664503,41.4973714425705,33.96851570391166,25.077652352749453,17.058133787736722,7.971839271711659,-0.7627814359304779,-8.701204379018819,-17.320869061529734,-23.646304324172633,-30.579040312626773,-40.304648495309664,-47.86221405288005,-54.464691324304965,-61.40179756236529,-63.97463976279609,-56.75919588765149,-52.333345622684504
-500,-500,-500,-500,-500,-500,-500,-500,-500,-500,-500,-500.0,-500.0,-500.0,-500.0,-500.0,-500.0,-500.0,-500.0,-500.0,-500.0,-500.0,-500.0,-500.0,-500.0,-500.0,-500.0,-500.0,-500.0,-500.0,-500.0,-500.0,-500.0,-500.0,-500.0,-500.0,-500.0,-500.0,-500.0,-500.0,-500.0,-500.0,-500.0,-500.0,-500.0,-500.0,-500.0,-500.0,153.41056619411506,141.4942997434664,129.23666155492674,119.57974777538783,110.95297962730953,99.68281508954044,84.4351970111964,73.9193224389815,66.36458993134008,57.15960722437325,48.06464994764656,36.74288769032886,30.128871707999508,20.9449651943912,13.299229713463049,4.308616613258849,-4.7966076895312,-12.749814499166646,-19.40199288787761,-26.14681088627097,-35.760687134874544,-43.39524523600018,-51.33598479362145,-57.75571155057277,-62.338171166417055,-62.28305709994028,-57.45775333224779
-500,-500,-500,-500,-500,-500,-500,-500,-500,-500,-500,-500.0,-500.0,-500.0,-500.0,-500.0,-500.0,-500.0,-500.0,-500.0,-500.0,-500.0,-500.0,-500.0,-500.0,-500.0,-500.0,-500.0,-500.0,-500.0,-500.0,-500.0,-500.0,-500.0,-500.0,-500.0,-500.0,-500.0,-500.0,-500.0,-500.0,-500.0,-500.0,-500.0,-500.0,-500.0,-500.0,-500.0,-500.0,148.6635272526901,136.63777331389326,125.83737336377301,115.79490793138075,106.72859814916947,95.20816159456703,82.36312211601471,71.22330285602575,62.76174727605076,52.93830635507837,44.07897123082887,34.150864151840025,26.151185206515265,17.623538831738514,10.186626901947918,0.9721755416826454,-7.689458354321346,-15.464789444339928,-22.54593870520381,-30.348471511727,-38.366108218364346,-46.70519021260152,-54.007312217382236,-59.56424635047412,-64.27949898989934,-59.51060654804458
-500,-500,-500,-500,-500,-500,-500,-500,-500,-500,-500,-500.0,-500.0,-500.0,-500.0,-500.0,-500.0,-500.0,-500.0,-500.0,-500.0,-500.0,-500.0,-500.0,-500.0,-500.0,-500.0,-500.0,-500.0,-500.0,-500.0,-500.0,-500.0,-500.0,-500.0,-500.0,-500.0,-500.0,-500.0,-500.0,-500.0,-500.0,-500.0,-500.0,-500.0,-500.0,-500.0,-500.0,-500.0,-500.0,144.12971576232948,132.76256517465535,122.15300653734757,113.2606532006091,102.3541931972226,91.94839127458083,78.01715939469514,67.80041608904914,58.86365594698406,49.61063471978203,39.40037676149464,30.919374823756954,22.815719686297157,14.122095335136905,6.21649004764086,-2.6753780172230535,-11.204119802768545,-18.23127849650494,-26.450596937113318,-33.77543167432307,-41.98890809485748,-49.93201960614215,-54.72141450600549,-59.66637759570902,-61.84891700147499
-500,-500,-500,-500,-500,-500,-500,-500,-500,-500,-500,-500.0,-500.0,-500.0,-500.0,-500.0,-500.0,-500.0,-500.0,-500.0,-500.0,-500.0,-500.0,-500.0,-500.0,-500.0,-500.0,-500.0,-500.0,-500.0,-500.0,-500.0,-500.0,-500.0,-500.0,-500.0,-500.0,-500.0,-500.0,-500.0,-500.0,-500.0,-500.0,-500.0,-500.0,-500.0,-500.0,-500.0,-500.0,-500.0,-500.0,139.77061148974843,128.91964570032908,118.8189896137552,108.35697042943744,97.81953912539629,86.850993458029,77.28314003094448,65.89860074380064,55.3493448727574,45.37433198577065,36.040020548202136,27.85846843767942,19.02516743172157,11.271213870377508,2.742230480867647,-6.492271651609485,-14.944632870676259,-20.523746383507202,-29.29114602815457,-37.6187531586487,-44.232921604171665,-48.01497017080807,-56.087716647978525,-62.00182804567261
-500,-500,-500,-500,-500,-500,-500,-500,-500,-500,-500,-500.0,-500.0,-500.0,-500.0,-500.0,-500.0,-500.0,-500.0,-500.0,-500.0,-500.0,-500.0,-500.0,-500.0,-500.0,-500.0,-500.0,-500.0,-500.0,-500.0,-500.0,-500.0,-500.0,-500.0,-500.0,-500.0,-500.0,-500.0,-500.0,-500.0,-500.0,-500.0,-500.0,-500.0,-500.0,-500.0,-500.0,-500.0,-500.0,-500.0,-500.0,135.60924878373555,125.59984035800215,115.35592646059388,105.17048797404365,93.65931330436207,83.95915347499303,74.29999613059604,64.27613738926519,50.47407653812799,40.946640859870456,31.90072139369768,24.479916172739735,16.1853202693365,8.337105083381417,-1.7483947572504235,-10.319020463170474,-16.58896080377525,-22.533851900861308,-30.809977915019545,-36.637457086605494,-44.10025813905709,-51.38323501238003,-57.97394992152584
-500,-500,-500,-500,-500,-500,-500,-500,-500,-500,-500,-500.0,-500.0,-500.0,-500.0,-500.0,-500.0,-500.0,-500.0,-500.0,-500.0,-500.0,-500.0,-500.0,-500.0,-500.0,-500.0,-500.0,-500.0,-500.0,-500.0,-500.0,-500.0,-500.0,-500.0,-500.0,-500.0,-500.0,-500.0,-500.0,-500.0,-500.0,-500.0,-500.0,-500.0,-500.0,-500.0,-500.0,-500.0,-500.0,-500.0,-500.0,-500.0,131.87999351457648,121.44719240522893,111.55292049153533,100.57053309343341,89.27283366321798,79.38065559363042,70.28808349210415,60.91806897933323,49.22882346097072,39.461065445816914,30.649102745726267,21.27566709592267,12.33221567477213,4.923694929840977,-3.323506934099427,-11.100406816419195,-17.15992916429579,-23.67525270977538,-31.595274845967552,-41.157772936266625,-47.562692358506794,-54.901028992442804
-500,-500,-500,-500,-500,-500,-500,-500,-500,-500,-500,-500.0,-500.0,-500.0,-500.0,-500.0,-500.0,-500.0,-500.0,-500.0,-500.0,-500.0,-500.0,-500.0,-500.0,-500.0,-500.0,-500.0,-500.0,-500.0,-500.0,-500.0,-500.0,-500.0,-500.0,-500.0,-500.0,-500.0,-500.0,-500.0,-500.0,-500.0,-500.0,-500.0,-500.0,-500.0,-500.0,-500.0,-500.0,-500.0,-500.0,-500.0,-500.0,-500.0,127.86716783254803,117.23147654432574,107.60098377730444,96.47601975849625,85.57254785163013,75.6729429225168,67.8391909251099,57.92690878054239,48.51309849725014,38.450838903714285,29.819517765057768,21.821674840261807,13.987818775297853,4.268475025990412,-4.749381872795965,-12.153156151774724,-19.835415166667076,-26.124081698348164,-36.35015115668672,-44.31515757978849,-50.56320793571902
-500,-500,-500,-500,-500,-500,-500,-500,-500,-500,-500,-500.0,-500.0,-500.0,-500.0,-500.0,-500.0,-500.0,-500.0,-500.0,-500.0,-500.0,-500.0,-500.0,-500.0,-500.0,-500.0,-500.0,-500.0,-500.0,-500.0,-500.0,-500.0,-500.0,-500.0,-500.0,-500.0,-500.0,-500.0,-500.0,-500.0,-500.0,-500.0,-500.0,-500.0,-500.0,-500.0,-500.0,-500.0,-500.0,-500.0,-500.0,-500.0,-500.0,-500.0,124.33453669154139,114.43308618300722,102.72900265718246,92.02841686286862,82.08638494822303,72.61539060213879,65.62005364354596,54.297556864258254,44.09283758802886,35.2516051651575,27.131643948556096,18.848317871559885,9.399991358455509,1.4841964659869404,-8.116015968054938,-16.162656714951353,-21.907690921811913,-30.444597962655934,-39.55982099573849,-46.19644053356885
-500,-500,-500,-500,-500,-500,-500,-500,-500,-500,-500,-500.0,-500.0,-500.0,-500.0,-500.0,-500.0,-500.0,-500.0,-500.0,-500.0,-500.0,-500.0,-500.0,-500.0,-500.0,-500.0,-500.0,-500.0,-500.0,-500.0,-500.0,-500.0,-500.0,-500.0,-500.0,-500.0,-500.0,-500.0,-500.0,-500.0,-500.0,-500.0,-500.0,-500.0,-500.0,-500.0,-500.0,-500.0,-500.0,-500.0,-500.0,-500.0,-500.0,-500.0,-500.0,120.6932045759159,110.0602486386743,98.79086224487486,87.66548455503407,78.23781457789272,69.45175146111364,60.35576226791308,50.55997901153895,40.26910667094205,32.02917962285579,22.82732389635388,15.905227919239898,6.21112645673859,-3.149094167433958,-10.652316199724496,-17.81810309094618,-24.75646574486992,-33.89582089720742,-41.81804316798863
-500,-500,-500,-500,-500,-500,-500,-500,-500,-500,-500,-500.0,-500.0,-500.0,-500.0,-500.0,-500.0,-500.0,-500.0,-500.0,-500.0,-500.0,-500.0,-500.0,-500.0,-500.0,-500.0,-500.0,-500.0,-500.0,-500.0,-500.0,-500.0,-500.0,-500.0,-500.0,-500.0,-500.0,-500.0,-500.0,-500.0,-500.0,-500.0,-500.0,-500.0,-500.0,-500.0,-500.0,-500.0,-500.0,-500.0,-500.0,-500.0,-500.0,-500.0,-500.0,-500.0,117.5886938833647,105.73995923751255,94.11935300949293,83.9050839552715,74.75635805864727,67.13413948254015,56.59406486261706,45.51950734375506,36.94373623393406,28.222055252274828,20.01314996871791,11.284952059766184,1.1500199859974742,-5.672579177310389,-13.814757806231036,-20.276203446596732,-29.71193737431844,-37.554117988334035
-500,-500,-500,-500,-500,-500,-500,-500,-500,-500,-500,-500.0,-500.0,-500.0,-500.0,-500.0,-500.0,-500.0,-500.0,-500.0,-500.0,-500.0,-500.0,-500.0,-500.0,-500.0,-500.0,-500.0,-500.0,-500.0,-500.0,-500.0,-500.0,-500.0,-500.0,-500.0,-500.0,-500.0,-500.0,-500.0,-500.0,-500.0,-500.0,-500.0,-500.0,-500.0,-500.0,-500.0,-500.0,-500.0,-500.0,-500.0,-500.0,-500.0,-500.0,-500.0,-500.0,-500.0,113.3659301108876,100.73650120531872,91.00939891404438,81.16160963586658,72.01459995494739,61.73514916644015,52.13008401441613,42.0094577680152,33.471076599208544,24.850871315294285,16.089379968556678,7.580742472399656,-2.0419356810695746,-9.076965324703778,-16.4420908979372,-24.046915824486085,-33.36619635691343
-500,-500,-500,-500,-500,-500,-500,-500,-500,-500,-500,-500.0,-500.0,-500.0,-500.0,-500.0,-500.0,-500.0,-500.0,-500.0,-500.0,-500.0,-500.0,-500.0,-500.0,-500.0,-500.0,-500.0,-500.0,-500.0,-500.0,-500.0,-500.0,-500.0,-500.0,-500.0,-500.0,-500.0,-500.0,-500.0,-500.0,-500.0,-500.0,-500.0,-500.0,-500.0,-500.0,-500.0,-500.0,-500.0,-500.0,-500.0,-500.0,-500.0,-500.0,-500.0,-500.0,-500.0,-500.0,108.73380412769276,96.47937946734896,87.19426639922577,77.68765997683458,69.02555923729531,58.04348049228418,47.780324645719666,38.30962494116918,30.27527289992352,23.337500277992383,13.10042645216626,4.013127947420102,-5.376744150043045,-13.043571483704469,-18.821744777105145,-28.01811919186015
-500,-500,-500,-500,-500,-500,-500,-500,-500,-500,-500,-500.0,-500.0,-500.0,-500.0,-500.0,-500.0,-500.0,-500.0,-500.0,-500.0,-500.0,-500.0,-500.0,-500.0,-500.0,-500.0,-500.0,-500.0,-500.0,-500.0,-500.0,-500.0,-500.0,-500.0,-500.0,-500.0,-500.0,-500.0,-500.0,-500.0,-500.0,-500.0,-500.0,-500.0,-500.0,-500.0,-500.0,-500.0,-500.0,-500.0,-500.0,-500.0,-500.0,-500.0,-500.0,-500.0,-500.0,-500.0,-500.0,103.6955649039853,93.33716094795504,83.4874561414344,73.29310615266981,64.401525500028,53.89402974898701,44.42743226038028,34.92368953135527,27.602017813220634,18.91572478737269,9.59710758867601,-0.09126251086465942,-8.713032261781862,-14.36904898976114,-21.590784531761123
-500,-500,-500,-500,-500,-500,-500,-500,-500,-500,-500,-500.0,-500.0,-500.0,-500.0,-500.0,-500.0,-500.0,-500.0,-500.0,-500.0,-500.0,-500.0,-500.0,-500.0,-500.0,-500.0,-500.0,-500.0,-500.0,-500.0,-500.0,-500.0,-500.0,-500.0,-500.0,-500.0,-500.0,-500.0,-500.0,-500.0,-500.0,-500.0,-500.0,-500.0,-500.0,-500.0,-500.0,-500.0,-500.0,-500.0,-500.0,-500.0,-500.0,-500.0,-500.0,-500.0,-500.0,-500.0,-500.0,-500.0,99.96542466461509,89.71524022712109,79.8791512691581,70.46001282491804,60.745077419163366,49.829078747835084,40.577521634030425,32.02733141356532,24.75721756561657,14.975765232792483,5.718119519521295,-3.147520742415068,-10.322811571760461,-17.726628479944623
-500,-500,-500,-500,-500,-500,-500,-500,-500,-500,-500,-500.0,-500.0,-500.0,-500.0,-500.0,-500.0,-500.0,-500.0,-500.0,-500.0,-500.0,-500.0,-500.0,-500.0,-500.0,-500.0,-500.0,-500.0,-500.0,-500.0,-500.0,-500.0,-500.0,-500.0,-500.0,-500.0,-500.0,-500.0,-500.0,-500.0,-500.0,-500.0,-500.0,-500.0,-500.0,-500.0,-500.0,-500.0,-500.0,-500.0,-500.0,-500.0,-500.0,-500.0,-500.0,-500.0,-500.0,-500.0,-500.0,-500.0,-500.0,96.23420963150467,85.03575970677892,76.6516191720896,67.07801887899427,56.4933670898185,46.10165026841288,37.287575267842286,29.453161340526258,21.566921728880224,11.454914426695893,2.7870556693508988,-6.765048480014244,-13.137608633212572
-500,-500,-500,-500,-500,-500,-500,-500,-500,-500,-500,-500.0,-500.0,-500.0,-500.0,-500.0,-500.0,-500.0,-500.0,-500.0,-500.0,-500.0,-500.0,-500.0,-500.0,-500.0,-500.0,-500.0,-500.0,-500.0,-500.0,-500.0,-500.0,-500.0,-500.0,-500.0,-500.0,-500.0,-500.0,-500.0,-500.0,-500.0,-500.0,-500.0,-500.0,-500.0,-500.0,-500.0,-500.0,-500.0,-500.0,-500.0,-500.0,-500.0,-500.0,-500.0,-500.0,-500.0,-500.0,-500.0,-500.0,-500.0,-500.0,92.33291865320726,82.44458899738304,73.5061074171255,62.320186349175074,51.968887015718714,43.311460858792614,34.04008349990263,26.333980806505927,16.966218269547916,7.100745690049266,-0.9915686128352519,-8.602534882628696
-500,-500,-500,-500,-500,-500,-500,-500,-500,-500,-500,-500.0,-500.0,-500.0,-500.0,-500.0,-500.0,-500.0,-500.0,-500.0,-500.0,-500.0,-500.0,-500.0,-500.0,-500.0,-500.0,-500.0,-500.0,-500.0,-500.0,-500.0,-500.0,-500.0,-500.0,-500.0,-500.0,-500.0,-500.0,-500.0,-500.0,-500.0,-500.0,-500.0,-500.0,-500.0,-500.0,-500.0,-500.0,-500.0,-500.0,-500.0,-500.0,-500.0,-500.0,-500.0,-500.0,-500.0,-500.0,-500.0,-500.0,-500.0,-500.0,-500.0,88.88352883013508,79.35150427423255,69.71708726208577,59.04257852651061,49.1581410093328,39.31127589781253,31.14603998712043,22.66085179173737,13.072280306968281,4.444999861859529,-4.304930323913574
-500,-500,-500,-500,-500,-500,-500,-500,-500,-500,-500,-500.0,-500.0,-500.0,-500.0,-500.0,-500.0,-500.0,-500.0,-500.0,-500.0,-500.0,-500.0,-500.0,-500.0,-500.0,-500.0,-500.0,-500.0,-500.0,-500.0,-500.0,-500.0,-500.0,-500.0,-500.0,-500.0,-500.0,-500.0,-500.0,-500.0,-500.0,-500.0,-500.0,-500.0,-500.0,-500.0,-500.0,-500.0,-500.0,-500.0,-500.0,-500.0,-500.0,-500.0,-500.0,-500.0,-500.0,-500.0,-500.0,-500.0,-500.0,-500.0,-500.0,-500.0,85.57679045721503,76.30396565145503,64.46426858034812,54.86644406344124,45.403181777915755,35.71255288728698,29.094789759012187,18.915191456867035,9.195655478691265,2.5125146354057364
-500,-500,-500,-500,-500,-500,-500,-500,-500,-500,-500,-500.0,-500.0,-500.0,-500.0,-500.0,-500.0,-500.0,-500.0,-500.0,-500.0,-500.0,-500.0,-500.0,-500.0,-500.0,-500.0,-500.0,-500.0,-500.0,-500.0,-500.0,-500.0,-500.0,-500.0,-500.0,-500.0,-500.0,-500.0,-500.0,-500.0,-500.0,-500.0,-500.0,-500.0,-500.0,-500.0,-500.0,-500.0,-500.0,-500.0,-500.0,-500.0,-500.0,-500.0,-500.0,-500.0,-500.0,-500.0,-500.0,-500.0,-500.0,-500.0,-500.0,-500.0,-500.0,82.39736757950567,72.20357868660446,60.86109089788098,50.8671270832669,42.542059062913296,33.49162728389548,25.069966494212963,16.80908013738673,10.492915143590722
-500,-500,-500,-500,-500,-500,-500,-500,-500,-500,-500,-500.0,-500.0,-500.0,-500.0,-500.0,-500.0,-500.0,-500.0,-500.0,-500.0,-500.0,-500.0,-500.0,-500.0,-500.0,-500.0,-500.0,-500.0,-500.0,-500.0,-500.0,-500.0,-500.0,-500.0,-500.0,-500.0,-500.0,-500.0,-500.0,-500.0,-500.0,-500.0,-500.0,-500.0,-500.0,-500.0,-500.0,-500.0,-500.0,-500.0,-500.0,-500.0,-500.0,-500.0,-500.0,-500.0,-500.0,-500.0,-500.0,-500.0,-500.0,-500.0,-500.0,-500.0,-500.0,-500.0,81.04620311909989,67.39812291564732,58.62033790857681,49.41359332198864,40.335406112389286,34.11032937586973,26.250697178022143,16.164050111332138
-500,-500,-500,-500,-500,-500,-500,-500,-500,-500,-500,-500.0,-500.0,-500.0,-500.0,-500.0,-500.0,-500.0,-500.0,-500.0,-500.0,-500.0,-500.0,-500.0,-500.0,-500.0,-500.0,-500.0,-500.0,-500.0,-500.0,-500.0,-500.0,-500.0,-500.0,-500.0,-500.0,-500.0,-500.0,-500.0,-500.0,-500.0,-500.0,-500.0,-500.0,-500.0,-500.0,-500.0,-500.0,-500.0,-500.0,-500.0,-500.0,-500.0,-500.0,-500.0,-500.0,-500.0,-500.0,-500.0,-500.0,-500.0,-500.0,-500.0,-500.0,-500.0,-500.0,-500.0,80.8585521696613,68.72469355069457,57.58435777838999,48.019909930435404,39.82259653396585,32.2615406373793,21.79628153353785
-500,-500,-500,-500,-500,-500,-500,-500,-500,-500,-500,-500.0,-500.0,-500.0,-500.0,-500.0,-500.0,-500.0,-500.0,-500.0,-500.0,-500.0,-500.0,-500.0,-500.0,-500.0,-500.0,-500.0,-500.0,-500.0,-500.0,-500.0,-500.0,-500.0,-500.0,-500.0,-500.0,-500.0,-500.0,-500.0,-500.0,-500.0,-500.0,-500.0,-500.0,-500.0,-500.0,-500.0,-500.0,-500.0,-500.0,-500.0,-500.0,-500.0,-500.0,-500.0,-500.0,-500.0,-500.0,-500.0,-500.0,-500.0,-500.0,-500.0,-500.0,-500.0,-500.0,-500.0,-500.0,76.11127795285441,65.2679613199257,54.38443725309886,45.25243675882113,36.868379697568,27.87407953408401
-500,-500,-500,-500,-500,-500,-500,-500,-500,-500,-500,-500.0,-500.0,-500.0,-500.0,-500.0,-500.0,-500.0,-500.0,-500.0,-500.0,-500.0,-500.0,-500.0,-500.0,-500.0,-500.0,-500.0,-500.0,-500.0,-500.0,-500.0,-500.0,-500.0,-500.0,-500.0,-500.0,-500.0,-500.0,-500.0,-500.0,-500.0,-500.0,-500.0,-500.0,-500.0,-500.0,-500.0,-500.0,-500.0,-500.0,-500.0,-500.0,-500.0,-500.0,-500.0,-500.0,-500.0,-500.0,-500.0,-500.0,-500.0,-500.0,-500.0,-500.0,-500.0,-500.0,-500.0,-500.0,-500.0,71.61624984863022,60.36594456885345,50.75004336470518,42.24756430566743,34.44864020504205
-500,-500,-500,-500,-500,-500,-500,-500,-500,-500,-500,-500.0,-500.0,-500.0,-500.0,-500.0,-500.0,-500.0,-500.0,-500.0,-500.0,-500.0,-500.0,-500.0,-500.0,-500.0,-500.0,-500.0,-500.0,-500.0,-500.0,-500.0,-500.0,-500.0,-500.0,-500.0,-500.0,-500.0,-500.0,-500.0,-500.0,-500.0,-500.0,-500.0,-500.0,-500.0,-500.0,-500.0,-500.0,-500.0,-500.0,-500.0,-500.0,-500.0,-500.0,-500.0,-500.0,-500.0,-500.0,-500.0,-500.0,-500.0,-500.0,-500.0,-500.0,-500.0,-500.0,-500.0,-500.0,-500.0,-500.0,67.93755105652778,57.038979028374335,47.15385010251018,39.228483180334784
-500,-500,-500,-500,-500,-500,-500,-500,-500,-500,-500,-500.0,-500.0,-500.0,-500.0,-500.0,-500.0,-500.0,-500.0,-500.0,-500.0,-500.0,-500.0,-500.0,-500.0,-500.0,-500.0,-500.0,-500.0,-500.0,-500.0,-500.0,-500.0,-500.0,-500.0,-500.0,-500.0,-500.0,-500.0,-500.0,-500.0,-500.0,-500.0,-500.0,-500.0,-500.0,-500.0,-500.0,-500.0,-500.0,-500.0,-500.0,-500.0,-500.0,-500.0,-500.0,-500.0,-500.0,-500.0,-500.0,-500.0,-500.0,-500.0,-500.0,-500.0,-500.0,-500.0,-500.0,-500.0,-500.0,-500.0,-500.0,62.77375206462961,53.25929366453907,44.6319178907589
-500,-500,-500,-500,-500,-500,-500,-500,-500,-500,-500,-500.0,-500.0,-500.0,-500.0,-500.0,-500.0,-500.0,-500.0,-500.0,-500.0,-500.0,-500.0,-500.0,-500.0,-500.0,-500.0,-500.0,-500.0,-500.0,-500.0,-500.0,-500.0,-500.0,-500.0,-500.0,-500.0,-500.0,-500.0,-500.0,-500.0,-500.0,-500.0,-500.0,-500.0,-500.0,-500.0,-500.0,-500.0,-500.0,-500.0,-500.0,-500.0,-500.0,-500.0,-500.0,-500.0,-500.0,-500.0,-500.0,-500.0,-500.0,-500.0,-500.0,-500.0,-500.0,-500.0,-500.0,-500.0,-500.0,-500.0,-500.0,-500.0,59.67326644322801,50.625135967621915
